<?xml version="1.0" encoding="UTF-8"?>
<project-private xmlns="http://www.netbeans.org/ns/project-private/1">
    <editor-bookmarks xmlns="http://www.netbeans.org/ns/editor-bookmarks/2" lastBookmarkId="0"/>
    <open-files xmlns="http://www.netbeans.org/ns/projectui-open-files/2">
        <group>
            <file>file:/C:/Users/22710/Downloads/Lab_3/Lab_3/src/userInterface/ViewAccountJPanel.java</file>
            <file>file:/C:/Users/22710/Downloads/Lab_3/Lab_3/src/userInterface/AccountMngWorkAreaJPanel.java</file>
            <file>file:/C:/Users/22710/Downloads/Lab_3/Lab_3/src/userInterface/MainJFrame.java</file>
            <file>file:/C:/Users/22710/Downloads/Lab_3/Lab_3/src/userInterface/ManageAccountJPanel.java</file>
        </group>
    </open-files>
</project-private>
