<?xml version="1.0" encoding="UTF-8"?>
<project-private xmlns="http://www.netbeans.org/ns/project-private/1">
    <editor-bookmarks xmlns="http://www.netbeans.org/ns/editor-bookmarks/2" lastBookmarkId="0"/>
    <open-files xmlns="http://www.netbeans.org/ns/projectui-open-files/2">
        <group>
            <file>file:/C:/Users/22710/OneDrive/桌面/文档/NetBeansProjects/Lab_5/src/model/MasterOrderList.java</file>
            <file>file:/C:/Users/22710/OneDrive/桌面/文档/NetBeansProjects/Lab_5/src/model/ProductCatalog.java</file>
        </group>
    </open-files>
</project-private>
