<?xml version="1.0" encoding="UTF-8"?>
<project-private xmlns="http://www.netbeans.org/ns/project-private/1">
    <editor-bookmarks xmlns="http://www.netbeans.org/ns/editor-bookmarks/2" lastBookmarkId="0"/>
    <open-files xmlns="http://www.netbeans.org/ns/projectui-open-files/2">
        <group>
            <file>file:/C:/Users/22710/OneDrive/桌面/文档/NetBeansProjects/Lab_2/src/model/VitalSigns.java</file>
            <file>file:/C:/Users/22710/OneDrive/桌面/文档/NetBeansProjects/Lab_2/src/ui/CreateJPanel.java</file>
            <file>file:/C:/Users/22710/OneDrive/桌面/文档/NetBeansProjects/Lab_2/src/ui/ViewJPanel.java</file>
            <file>file:/C:/Users/22710/OneDrive/桌面/文档/NetBeansProjects/Lab_2/src/model/VitalSignHistory.java</file>
            <file>file:/C:/Users/22710/OneDrive/桌面/文档/NetBeansProjects/Lab_2/src/ui/MainJFrame.java</file>
        </group>
    </open-files>
</project-private>
